minute	xyz.mean	xyz.absolute.deviation	xyz.standard.deviation	xyz.max.deviation	xyz.PSD.1	xyz.PSD.3	xyz.PSD.6	xyz.PSD.10
17	9.815145906	0.0595353923882	0.0786826825788	0.223020186715	0.136404080706	0.158597407211	0.174826134031	0.149171960254
53	10.0474203518	0.0499533866568	0.0614831738918	0.141760600319	0.0724224560886	0.0808822039992	0.0816367979282	0.0744047786002
54	8.99373629645	0.380576590015	0.443803433996	0.941242735489	42.5065512774	50.9247413661	32.0935596118	30.4526641313
55	9.88632064124	0.175043147303	0.220833123014	0.595084714379	4.89869489115	5.28305329833	4.95331858899	4.72994955017
